﻿<?xml version="1.0" encoding="utf-8" ?>
<setup>
	<!--  安装程序标题 -->
	<caption>
		<en>Install RoboEXP v3.8</en>
		<chs>安装机器人快车 v3.8</chs>
		<cht>安裝機器人快車 v3.8</cht>
	</caption>
	<!--  安装程序支持的语言 -->
	<setlanguage>
		<en>true</en>
		<chs>true</chs>
		<cht>true</cht>
	</setlanguage>        
	<!--  安装软件的环境检测 -->
	<environments>
		<environment>
			<caption>.Net framework 1.1</caption>
			<sectionName>SOFTWARE\Microsoft\NET Framework Setup\NDP\v1.1.4322</sectionName>
			<keyName>Install</keyName>
			<type>integer</type>
			<!--  类型有 integer float string -->
			<compareType>0</compareType>
			<!--  进行比较的类型 0: = ;  1: >;  2: < -->
			<compareValue>1</compareValue>
			<enExe>Environment\dotnetfxEn.exe</enExe>
			<chsExe>Environment\dotnetfxChs.exe</chsExe>
			<chtExe>Environment\dotnetfxCht.exe</chtExe>
		</environment>
	</environments>
	<cdkey>
		<isEnter>false</isEnter>
		<SN>N7CNS-3DPTD-E5GJD-RSLDV</SN>
	</cdkey>
        <isEntity>true</isEntity>
</setup>