﻿<?xml version="1.0" encoding="utf-8" ?>
<!-- 安装工具或驱程选项 -->
<tools>
	<tool>
		<en>
			<caption>BE-9210 USB Download cable driver</caption>
			<des>install BE-9210 USB Download cable driver </des>
			<exe>UsbDriver\JMP-BE-9210\CP210xVCPInstaller.exe</exe>
		</en>
		<chs>
			<caption>BE-9210 USB下载线驱动程序</caption>
			<des>安装BE-9210 USB下载线驱动程序</des>
			<exe>UsbDriver\JMP-BE-9210\CP210xVCPInstaller.exe</exe>
		</chs>
		<cht>
			<caption>BE-9210 USB下載綫驅動程序</caption>
			<des>安裝BE-9210 USB下載綫驅動程序</des>
			<exe>UsbDriver\JMP-BE-9210\CP210xVCPInstaller.exe</exe>
		</cht>		
	</tool>	
	<tool>
		<en>
			<caption>QRCU USB driver</caption>
			<des>Install QRCU USB driver </des>
			<exe>UsbDriver\QRCU\preinstaller.exe</exe>
		</en>
		<chs>
			<caption>QRCU USB驱动程序</caption>
			<des>安装QRCU USB驱动程序</des>
			<exe>UsbDriver\QRCU\preinstaller.exe</exe>
		</chs>
		<cht>
			<caption>QRCU USB驅動程序</caption>
			<des>安裝QRCU USB驅動程序</des>
			<exe>UsbDriver\QRCU\preinstaller.exe</exe>
		</cht>		
	</tool>	
</tools>
        